City_ID,City,Country,Date,Lat,Lng,Max Temp,Humidity,Cloudiness,Wind Speed
0,Albany,US,2021-04-15 14:43:28,42.6001,-73.9662,54.0,69,100,1.99
1,Teahupoo,PF,2021-04-15 14:46:42,-17.8333,-149.2667,75.2,83,20,4.61
2,Mataura,NZ,2021-04-15 14:46:43,-46.1927,168.8643,51.01,91,99,1.01
3,Provideniya,RU,2021-04-15 14:46:44,64.3833,-173.3,8.49,96,65,4.9
4,Hun,LY,2021-04-15 14:46:44,29.1268,15.9477,86.88,14,69,11.77
5,Greenville,US,2021-04-15 14:43:49,35.6127,-77.3663,66.99,82,75,6.91
6,Kirensk,RU,2021-04-15 14:46:46,57.7853,108.1119,21.02,93,99,4.14
7,Vao,NC,2021-04-15 14:46:46,-22.6667,167.4833,75.15,81,100,16.89
8,Jamestown,US,2021-04-15 14:43:15,42.097,-79.2353,41.0,75,90,8.05
9,Obama,JP,2021-04-15 14:46:47,35.4958,135.746,55.99,79,100,7.74
10,Vanimo,PG,2021-04-15 14:46:48,-2.6741,141.3028,78.13,88,82,3.04
11,Tasiilaq,GL,2021-04-15 14:46:49,65.6145,-37.6368,32.0,86,75,28.77
12,Bluff,NZ,2021-04-15 14:46:49,-46.6,168.3333,51.01,91,100,1.01
13,Hermanus,ZA,2021-04-15 14:46:50,-34.4187,19.2345,69.01,77,100,5.01
14,Paamiut,GL,2021-04-15 14:46:50,61.994,-49.6678,23.86,68,88,34.38
15,Sabzevar,IR,2021-04-15 14:46:51,36.2126,57.6819,71.6,28,75,21.85
16,Awjilah,LY,2021-04-15 14:46:51,29.1081,21.2869,88.59,12,68,8.1
17,Saskylakh,RU,2021-04-15 14:46:52,71.9167,114.0833,-12.17,99,61,5.19
18,Namibe,AO,2021-04-15 14:46:52,-15.1961,12.1522,87.8,70,75,18.41
19,Rikitea,PF,2021-04-15 14:46:53,-23.1203,-134.9692,77.5,75,80,8.05
20,Iqaluit,CA,2021-04-15 14:46:53,63.7506,-68.5145,0.0,71,20,14.97
21,Fairbanks,US,2021-04-15 14:46:54,64.8378,-147.7164,30.2,80,90,2.93
22,Hami,CN,2021-04-15 14:46:55,42.8,93.45,59.41,10,16,6.13
23,Ambanja,MG,2021-04-15 14:46:55,-13.6833,48.45,77.94,88,67,1.07
24,Hobyo,SO,2021-04-15 14:46:55,5.3505,48.5268,83.1,65,49,16.11
25,Hilo,US,2021-04-15 14:43:55,19.7297,-155.09,68.0,77,90,4.61
26,Lufilufi,WS,2021-04-15 14:46:57,-13.8745,-171.5986,73.4,100,20,4.61
27,Binzhou,CN,2021-04-15 14:46:57,37.3667,118.0167,55.13,24,10,10.04
28,Kaitangata,NZ,2021-04-15 14:46:57,-46.2817,169.8464,48.76,88,100,5.08
29,Tabou,CI,2021-04-15 14:46:58,4.423,-7.3528,85.12,66,91,8.68
30,Izacic,BA,2021-04-15 14:46:58,44.875,15.7819,53.01,40,80,3.0
31,Mandali,IQ,2021-04-15 14:46:59,33.7499,45.5541,78.62,15,44,14.05
32,Lucea,JM,2021-04-15 14:47:00,18.451,-78.1736,84.99,57,20,13.8
33,Teresina,BR,2021-04-15 14:45:19,-5.0892,-42.8019,87.8,66,75,5.75
34,New Norfolk,AU,2021-04-15 14:47:00,-42.7826,147.0587,45.0,85,69,3.0
35,Balikpapan,ID,2021-04-15 14:47:01,-1.2675,116.8289,77.11,81,97,3.04
36,Westport,US,2021-04-15 14:42:58,41.1415,-73.3579,50.0,100,90,4.61
37,Kapaa,US,2021-04-15 14:47:02,22.0752,-159.319,73.4,64,1,12.66
38,Hamilton,US,2021-04-15 14:42:53,39.1834,-84.5333,45.0,52,90,17.27
39,Atar,MR,2021-04-15 14:47:02,20.5169,-13.0499,95.85,12,0,10.07
40,Georgetown,MY,2021-04-15 14:45:10,5.4112,100.3354,82.4,83,20,5.75
41,Ugoofaaru,MV,2021-04-15 14:47:03,5.6667,73.0,84.24,72,39,9.24
42,Hobart,AU,2021-04-15 14:47:03,-42.8794,147.3294,45.0,65,40,10.36
43,Klaksvik,FO,2021-04-15 14:47:04,62.2266,-6.589,48.2,87,40,19.57
44,Pangnirtung,CA,2021-04-15 14:47:04,66.1451,-65.7125,-4.0,71,75,9.22
45,Devonport,AU,2021-04-15 14:42:27,-41.1667,146.35,43.0,74,7,1.99
46,Punta Arenas,CL,2021-04-15 14:47:05,-53.15,-70.9167,44.6,81,40,13.8
47,Busselton,AU,2021-04-15 14:47:06,-33.65,115.3333,57.99,93,42,10.87
48,San Blas,MX,2021-04-15 14:45:18,21.5167,-105.2667,51.8,82,1,3.87
49,Kahului,US,2021-04-15 14:46:08,20.8947,-156.47,68.0,88,40,9.48
50,Oistins,BB,2021-04-15 14:47:07,13.0667,-59.5333,84.2,61,40,16.11
51,Sembakung,ID,2021-04-15 14:47:07,3.8167,117.25,80.6,83,75,6.91
52,Khatanga,RU,2021-04-15 14:47:08,71.9667,102.5,4.32,90,100,11.23
53,Ushuaia,AR,2021-04-15 14:47:08,-54.8,-68.3,46.4,57,20,8.05
54,Yellowknife,CA,2021-04-15 14:47:08,62.456,-114.3525,26.01,80,20,8.05
55,Airai,TL,2021-04-15 14:47:09,-8.9266,125.4092,56.91,90,97,1.88
56,Port Elizabeth,ZA,2021-04-15 14:47:09,-33.918,25.5701,64.4,94,90,18.41
57,Waterford,US,2021-04-15 14:47:10,42.7023,-83.4027,37.99,93,90,11.5
58,Talcahuano,CL,2021-04-15 14:47:10,-36.7167,-73.1167,60.8,77,0,5.75
59,Port Alfred,ZA,2021-04-15 14:47:11,-33.5906,26.891,70.45,70,100,26.4
60,Cidreira,BR,2021-04-15 14:47:11,-30.1811,-50.2056,74.93,60,69,15.21
61,San Patricio,US,2021-04-15 14:47:12,28.017,-97.5169,73.4,100,90,11.5
62,Vaini,TO,2021-04-15 14:47:12,-21.2,-175.2,75.2,88,75,5.75
63,Saint-Philippe,RE,2021-04-15 14:47:12,-21.3585,55.7679,77.0,88,100,5.75
64,Blairmore,CA,2021-04-15 14:47:13,49.6,-114.4353,28.4,100,6,1.88
65,Nikolskoye,RU,2021-04-15 14:47:13,59.7035,30.7861,46.4,31,0,13.42
66,Luderitz,NA,2021-04-15 14:47:14,-26.6481,15.1594,82.17,35,0,6.02
67,Upernavik,GL,2021-04-15 14:47:14,72.7868,-56.1549,-6.25,91,98,3.09
68,Fortuna,US,2021-04-15 14:47:14,40.5982,-124.1573,39.2,87,1,10.36
69,Baruun-Urt,MN,2021-04-15 14:47:15,46.6806,113.2792,27.05,66,100,9.69
70,Chuy,UY,2021-04-15 14:47:16,-33.6971,-53.4616,69.01,83,100,5.7
71,Olafsvik,IS,2021-04-15 14:47:16,64.8945,-23.7142,44.22,93,100,29.17
72,East London,ZA,2021-04-15 14:47:17,-33.0153,27.9116,71.6,73,20,23.02
73,Cape Town,ZA,2021-04-15 14:46:02,-33.9258,18.4232,75.2,53,20,18.41
74,Doha,QA,2021-04-15 14:47:17,25.2867,51.5333,86.0,23,0,11.5
75,Kodiak,US,2021-04-15 14:47:18,57.79,-152.4072,37.4,87,90,9.22
76,Iwanai,JP,2021-04-15 14:47:18,42.9744,140.5089,35.65,79,13,5.79
77,Saldanha,ZA,2021-04-15 14:47:19,-33.0117,17.9442,91.4,29,79,17.27
78,Richards Bay,ZA,2021-04-15 14:47:19,-28.783,32.0377,76.01,78,4,6.22
79,Puerto Ayora,EC,2021-04-15 14:47:19,-0.7393,-90.3518,78.8,89,40,3.44
80,Kasongo-Lunda,CD,2021-04-15 14:47:20,-6.4667,16.8167,83.73,68,99,1.07
81,Itarema,BR,2021-04-15 14:47:20,-2.9248,-39.9167,86.05,64,100,13.02
82,Cuenca,EC,2021-04-15 14:47:21,-2.8833,-78.9833,59.0,88,75,4.32
83,Nyurba,RU,2021-04-15 14:47:21,63.2842,118.3319,11.93,95,68,4.41
84,Mnogovershinnyy,RU,2021-04-15 14:47:22,53.9353,139.9242,13.14,90,39,5.66
85,Zabol,AF,2021-04-15 14:47:22,32.25,67.25,59.25,43,100,13.02
86,Thompson,CA,2021-04-15 14:47:23,55.7435,-97.8558,26.6,54,75,3.18
87,Grindavik,IS,2021-04-15 14:47:23,63.8424,-22.4338,46.4,100,90,36.82
88,Gat,IL,2021-04-15 14:47:24,31.61,34.7642,75.99,46,15,1.01
89,Ribeira Grande,PT,2021-04-15 14:47:24,38.5167,-28.7,64.4,88,40,9.22
90,Hasaki,JP,2021-04-15 14:47:25,35.7333,140.8333,44.6,81,75,4.61
91,Bethel,US,2021-04-15 14:47:25,41.3712,-73.414,48.99,95,100,1.99
92,Atuona,PF,2021-04-15 14:47:26,-9.8,-139.0333,80.17,70,51,20.24
93,Elko,US,2021-04-15 14:47:27,41.0002,-115.5012,35.01,95,98,1.34
94,Sarretudvari,HU,2021-04-15 14:47:27,47.2333,21.2,45.0,81,75,4.61
95,Butaritari,KI,2021-04-15 14:47:28,3.0707,172.7902,81.48,77,100,9.31
96,Messina,IT,2021-04-15 14:46:24,38.1933,15.5497,59.0,82,40,9.22
97,Bonthe,SL,2021-04-15 14:47:29,7.5264,-12.505,85.95,64,45,12.17
98,Avarua,CK,2021-04-15 14:47:29,-21.2078,-159.775,73.4,94,75,2.3
99,Asau,RO,2021-04-15 14:47:30,46.4333,26.4,46.99,39,93,5.61
100,Sao Bento,BR,2021-04-15 14:47:30,-6.2833,-37.75,81.57,65,100,7.45
101,Werda,BW,2021-04-15 14:47:31,-25.2667,23.2833,87.98,16,16,5.91
102,Tevaitoa,PF,2021-04-15 14:47:31,-16.7833,-151.5,82.08,74,100,12.73
103,Leningradskiy,RU,2021-04-15 14:47:32,69.3833,178.4167,7.68,81,54,8.93
104,Rawson,AR,2021-04-15 14:47:32,-43.3002,-65.1023,64.62,32,0,9.66
105,Ivankiv,UA,2021-04-15 14:47:33,50.9386,29.8943,51.8,71,40,6.71
106,Dwarka,IN,2021-04-15 14:47:33,22.2394,68.9678,80.98,75,2,12.41
107,Arraial Do Cabo,BR,2021-04-15 14:47:34,-22.9661,-42.0278,80.6,57,40,4.61
108,Faanui,PF,2021-04-15 14:47:34,-16.4833,-151.75,81.84,74,94,13.53
109,Matamoros,MX,2021-04-15 14:47:35,25.5333,-103.25,72.0,37,1,2.57
110,Bonavista,CA,2021-04-15 14:47:35,48.6499,-53.1147,34.0,75,100,4.61
111,Ismailia,EG,2021-04-15 14:47:36,30.6043,32.2723,78.8,34,0,9.22
112,Tiruvannamalai,IN,2021-04-15 14:47:36,12.2167,79.0667,79.3,69,100,3.56
113,Chara,RU,2021-04-15 14:47:37,56.9064,118.2631,12.99,71,51,3.02
114,San Julian,MX,2021-04-15 14:47:37,21.0167,-102.1667,70.97,22,0,6.55
115,Da Lat,VN,2021-04-15 14:47:38,11.9465,108.4419,62.64,92,40,0.27
116,Castro,BR,2021-04-15 14:46:48,-24.7911,-50.0119,68.63,63,53,6.42
117,Ilulissat,GL,2021-04-15 14:47:39,69.2167,-51.1,14.0,67,75,10.36
118,Masty,BY,2021-04-15 14:47:40,53.4122,24.5387,44.6,93,90,13.42
119,Kempele,FI,2021-04-15 14:47:40,64.9131,25.5034,44.6,45,0,9.22
120,Clyde River,CA,2021-04-15 14:47:41,70.4692,-68.5914,1.4,71,20,18.41
121,Rypefjord,NO,2021-04-15 14:47:41,70.6333,23.6667,33.8,100,90,16.11
122,Tomatlan,MX,2021-04-15 14:46:08,19.9333,-105.25,79.3,45,0,2.35
123,Ponta Do Sol,PT,2021-04-15 14:47:42,32.6667,-17.1,68.0,68,40,12.66
124,Longyearbyen,SJ,2021-04-15 14:45:09,78.2186,15.6401,17.6,93,90,21.85
125,Northam,GB,2021-04-15 14:47:42,51.0333,-4.2167,53.01,52,10,1.99
126,Timbiqui,CO,2021-04-15 14:47:43,2.7717,-77.6654,78.33,90,100,5.95
127,Xining,CN,2021-04-15 14:47:44,36.6167,101.7667,38.98,58,41,8.34
128,Kampene,CD,2021-04-15 14:47:44,-3.6,26.6667,73.29,90,100,3.31
129,Tuktoyaktuk,CA,2021-04-15 14:47:45,69.4541,-133.0374,23.0,93,90,4.61
130,Bredasdorp,ZA,2021-04-15 14:47:45,-34.5322,20.0403,68.0,73,100,10.36
131,Waycross,US,2021-04-15 14:47:46,31.2136,-82.354,70.0,60,40,8.05
132,Quatre Cocos,MU,2021-04-15 14:47:46,-20.2078,57.7625,81.0,89,75,3.44
133,Nanortalik,GL,2021-04-15 14:47:47,60.1432,-45.2371,29.01,70,48,28.77
134,Sept-Iles,CA,2021-04-15 14:47:47,50.2001,-66.3821,46.99,57,1,10.36
135,Acapulco,MX,2021-04-15 14:44:17,16.8634,-99.8901,75.2,83,75,6.91
136,Inuvik,CA,2021-04-15 14:47:48,68.3499,-133.7218,19.4,86,95,4.61
137,Pueblo Nuevo,MX,2021-04-15 14:47:49,23.3833,-105.3833,68.45,16,3,1.36
138,Chokurdakh,RU,2021-04-15 14:47:50,70.6333,147.9167,-19.68,100,29,2.93
139,Omsukchan,RU,2021-04-15 14:47:50,62.5333,155.8,14.13,95,100,5.03
140,Imbituba,BR,2021-04-15 14:47:51,-28.24,-48.6703,77.0,57,40,6.91
141,Ambovombe,MG,2021-04-15 14:47:52,-25.1667,46.0833,77.04,78,28,5.55
142,Torbay,CA,2021-04-15 14:47:52,47.6666,-52.7314,34.0,93,90,18.41
143,Okhotsk,RU,2021-04-15 14:47:53,59.3833,143.3,9.48,81,10,6.06
144,Morrisburg,CA,2021-04-15 14:47:53,44.9001,-75.1826,48.99,87,90,7.63
145,Alofi,NU,2021-04-15 14:47:54,-19.0595,-169.9187,66.2,94,0,6.44
146,Skibbereen,IE,2021-04-15 14:47:54,51.55,-9.2667,53.6,62,40,11.5
147,Severo-Kurilsk,RU,2021-04-15 14:47:55,50.6789,156.125,30.36,91,100,18.01
148,Newport,GB,2021-04-15 14:47:55,51.5877,-2.9984,51.8,49,75,9.22
149,Vardo,NO,2021-04-15 14:47:56,70.3705,31.1107,30.2,69,0,8.05
150,Nantucket,US,2021-04-15 14:47:56,41.2835,-70.0995,48.2,61,90,16.11
151,Berlevag,NO,2021-04-15 14:47:57,70.8578,29.0864,32.0,59,0,6.91
152,Ahuimanu,US,2021-04-15 14:47:57,21.4447,-157.8378,71.6,68,20,8.05
153,Mar Del Plata,AR,2021-04-15 14:47:58,-38.0023,-57.5575,70.0,82,0,9.22
154,San Quintin,MX,2021-04-15 14:47:59,30.4833,-115.95,56.59,69,100,9.64
155,Tuatapere,NZ,2021-04-15 14:47:59,-46.1333,167.6833,51.01,91,100,1.01
156,Bela,IN,2021-04-15 14:47:59,25.9333,81.9833,92.37,10,82,8.05
157,Qaanaaq,GL,2021-04-15 14:48:00,77.484,-69.3632,-1.17,73,91,5.59
158,Koson,UZ,2021-04-15 14:48:01,39.0375,65.585,68.0,32,0,6.91
159,Yulara,AU,2021-04-15 14:48:01,-25.2406,130.9889,59.0,88,90,9.22
160,Santa Engracia,ES,2021-04-15 14:48:02,41.9406,-1.3245,64.4,34,100,6.91
161,Neuquen,AR,2021-04-15 14:48:02,-38.9516,-68.0591,69.8,52,0,4.61
162,Barrow,US,2021-04-15 14:48:03,71.2906,-156.7887,8.6,78,90,6.91
163,Kampot,KH,2021-04-15 14:48:03,10.6167,104.1833,84.2,70,40,4.61
164,Sinjai,ID,2021-04-15 14:48:04,-5.1241,120.253,74.28,90,96,3.89
165,Xichang,CN,2021-04-15 14:47:49,27.8964,102.2634,59.16,68,42,6.62
166,Carnarvon,AU,2021-04-15 14:48:04,-24.8667,113.6333,79.36,31,1,16.22
167,Nampa,US,2021-04-15 14:48:05,43.5407,-116.5635,42.01,75,90,0.89
168,Zhongshu,CN,2021-04-15 14:48:06,24.5167,103.7667,62.73,50,65,4.0
169,Cayenne,GF,2021-04-15 14:45:21,4.9333,-52.3333,84.99,79,90,14.97
170,Hithadhoo,MV,2021-04-15 14:48:07,-0.6,73.0833,82.76,69,8,3.44
171,Puerto Colombia,CO,2021-04-15 14:48:07,10.9878,-74.9547,86.0,74,40,4.61
172,Phalodi,IN,2021-04-15 14:48:08,27.1333,72.3667,88.27,15,10,19.19
173,Waitati,NZ,2021-04-15 14:48:08,-45.75,170.5667,54.0,94,100,5.99
174,Jaromerice Nad Rokytnou,CZ,2021-04-15 14:48:09,49.0941,15.8933,37.99,75,90,19.57
175,Qostanay,KZ,2021-04-15 14:48:09,53.1667,63.5833,57.2,51,0,2.24
176,Tatawin,TN,2021-04-15 14:48:10,32.9297,10.4518,86.0,10,40,9.22
177,Touros,BR,2021-04-15 14:48:10,-5.1989,-35.4608,84.2,79,75,11.5
178,Tokonou,GN,2021-04-15 14:48:11,9.65,-9.7833,101.41,15,15,6.53
179,Porbandar,IN,2021-04-15 14:44:37,21.6422,69.6093,81.01,70,1,10.33
180,Qorveh,IR,2021-04-15 14:48:11,35.1664,47.8045,58.53,20,66,10.78
181,Kibaek,DK,2021-04-15 14:48:12,56.0317,8.857,52.0,43,75,11.5
182,Vila Franca Do Campo,PT,2021-04-15 14:48:12,37.7167,-25.4333,64.4,82,40,13.8
183,Codrington,AU,2021-04-15 14:48:13,-38.2667,141.9667,54.48,65,44,10.31
184,Walvis Bay,NA,2021-04-15 14:48:13,-22.9575,14.5053,89.11,28,9,11.32
185,Padang,ID,2021-04-15 14:48:14,-0.9492,100.3543,78.58,86,100,2.55
186,College,US,2021-04-15 14:48:14,64.8569,-147.8028,30.2,80,75,4.61
187,Manokwari,ID,2021-04-15 14:44:26,-0.8667,134.0833,79.99,77,100,1.07
188,Norman Wells,CA,2021-04-15 14:48:15,65.282,-126.8329,23.0,86,20,1.57
189,Sayyan,YE,2021-04-15 14:48:15,15.1718,44.3244,70.05,32,88,5.66
190,Pacific Grove,US,2021-04-15 14:45:59,36.6177,-121.9166,46.4,93,75,9.22
191,Coruripe,BR,2021-04-15 14:48:16,-10.1256,-36.1756,82.29,70,98,8.66
192,Nouadhibou,MR,2021-04-15 14:48:16,20.931,-17.0347,75.2,60,0,18.41
193,San Isidro,PE,2021-04-15 14:48:17,-12.1167,-77.05,72.0,77,40,6.91
194,Sioux Lookout,CA,2021-04-15 14:48:17,50.1001,-91.917,28.4,74,90,8.05
195,Tual,ID,2021-04-15 14:48:18,-5.6667,132.75,82.78,73,100,8.37
196,Caconda,AO,2021-04-15 14:48:18,-13.7333,15.0667,63.93,74,100,2.13
197,San Ciro De Acosta,MX,2021-04-15 14:48:18,21.6333,-99.8167,82.58,36,0,1.99
198,Lavrentiya,RU,2021-04-15 14:48:19,65.5833,-171.0,9.36,97,63,3.94
199,Mirador,BR,2021-04-15 14:48:19,-6.3708,-44.3631,84.65,70,97,7.76
200,Ocampo,MX,2021-04-15 14:48:20,21.65,-101.5,68.11,20,0,7.09
201,Waiuku,NZ,2021-04-15 14:48:20,-37.25,174.75,62.6,77,2,16.11
202,Habiganj,BD,2021-04-15 14:48:21,24.3833,91.4167,86.0,74,40,2.3
203,Narsaq,GL,2021-04-15 14:48:21,60.9167,-46.05,35.6,48,40,14.97
204,Dikson,RU,2021-04-15 14:48:22,73.5069,80.5464,-10.68,93,100,17.02
205,Stryn,NO,2021-04-15 14:48:22,61.9045,6.7226,50.0,42,0,2.3
206,Baykit,RU,2021-04-15 14:48:23,61.67,96.37,33.89,95,100,14.09
207,Deputatskiy,RU,2021-04-15 14:48:23,69.3,139.9,-16.2,100,100,4.05
208,Wanning,CN,2021-04-15 14:48:24,18.8003,110.3967,75.83,89,5,4.07
209,Kirakira,SB,2021-04-15 14:48:24,-10.4544,161.9205,79.36,85,33,3.15
210,Cherskiy,RU,2021-04-15 14:48:25,68.75,161.3,13.19,94,100,6.15
211,Malakal,SS,2021-04-15 14:48:25,9.5334,31.6605,102.58,6,57,3.69
212,Ajdabiya,LY,2021-04-15 14:48:26,30.7554,20.2263,72.52,43,70,12.5
213,Kayerkan,RU,2021-04-15 14:48:26,69.3497,87.7602,4.15,94,100,18.59
214,High Level,CA,2021-04-15 14:48:27,58.5169,-117.136,28.4,80,40,2.3
215,Bambous Virieux,MU,2021-04-15 14:48:28,-20.3428,57.7575,81.0,89,75,3.44
216,Lorengau,PG,2021-04-15 14:48:29,-2.0226,147.2712,80.11,78,82,3.06
217,Lata,PT,2021-04-15 14:48:29,40.1629,-8.3327,78.01,48,70,4.85
218,Haines Junction,CA,2021-04-15 14:48:29,60.7522,-137.5108,24.8,86,95,1.14
219,Ahipara,NZ,2021-04-15 14:48:30,-35.1667,173.1667,63.66,88,87,10.49
220,Talnakh,RU,2021-04-15 14:48:31,69.4865,88.3972,7.36,92,100,14.7
221,Miles City,US,2021-04-15 14:48:31,46.4083,-105.8406,30.2,80,75,6.91
222,Muyezerskiy,RU,2021-04-15 14:48:32,63.9333,31.65,41.14,65,4,6.64
223,Inongo,CD,2021-04-15 14:48:32,-1.95,18.2667,82.72,64,38,0.96
224,San Andres,CO,2021-04-15 14:48:33,12.5847,-81.7006,84.2,74,75,13.8
225,Tiksi,RU,2021-04-15 14:48:33,71.6872,128.8694,-2.7,100,84,2.93
226,Flinders,AU,2021-04-15 14:48:34,-34.5833,150.8552,64.0,48,60,13.8
227,Burnie,AU,2021-04-15 14:48:34,-41.0667,145.9167,43.0,85,18,1.99
228,Chumikan,RU,2021-04-15 14:48:35,54.7183,135.315,21.81,72,9,13.44
229,Antalaha,MG,2021-04-15 14:48:35,-14.9003,50.2788,78.21,84,18,5.82
230,Coxim,BR,2021-04-15 14:48:36,-18.5067,-54.76,95.54,24,8,4.5
231,Taltal,CL,2021-04-15 14:48:36,-25.4,-70.4833,67.37,71,0,4.18
232,Lujan,AR,2021-04-15 14:44:11,-34.5703,-59.105,78.01,60,0,1.99
233,Santa Ana,US,2021-04-15 14:44:34,33.7456,-117.8678,54.0,66,75,3.44
234,Tazovskiy,RU,2021-04-15 14:48:37,67.4667,78.7,10.67,89,100,20.02
235,Dinahican,PH,2021-04-15 14:48:38,14.7167,121.7167,81.0,50,58,9.6
236,Cabo San Lucas,MX,2021-04-15 14:45:57,22.8909,-109.9124,75.99,32,1,10.22
237,Mackay,AU,2021-04-15 14:48:06,-21.15,149.2,68.0,88,40,5.75
238,High Rock,BS,2021-04-15 14:48:39,26.6208,-78.2833,75.2,64,20,10.36
239,Lebu,CL,2021-04-15 14:48:10,-37.6167,-73.65,59.83,80,6,11.68
240,Male,MV,2021-04-15 14:48:40,4.1748,73.5089,84.2,74,40,8.05
241,Aklavik,CA,2021-04-15 14:48:40,68.2191,-135.0107,17.6,79,75,8.05
242,Coos Bay,US,2021-04-15 14:48:25,43.3665,-124.2179,43.0,79,0,4.0
243,Sao Joao Da Barra,BR,2021-04-15 14:48:41,-21.6403,-41.0511,80.6,57,40,6.91
244,Mahebourg,MU,2021-04-15 14:48:41,-20.4081,57.7,78.8,89,75,3.44
245,Pakxan,LA,2021-04-15 14:48:42,18.3778,103.6601,81.72,67,13,3.38
246,Belyy Yar,RU,2021-04-15 14:48:43,53.6039,91.3903,44.6,57,0,8.95
247,Karwar,IN,2021-04-15 14:48:43,14.8,74.1333,82.42,77,1,8.32
248,That Phanom,TH,2021-04-15 14:48:44,16.9364,104.7104,79.29,71,70,6.87
249,Kousseri,CM,2021-04-15 14:48:45,12.0769,15.0306,105.8,4,79,14.97
250,Inirida,CO,2021-04-15 14:48:46,3.8653,-67.9239,85.39,63,87,2.71
251,Guerrero Negro,MX,2021-04-15 14:46:13,27.9769,-114.0611,59.72,66,100,16.6
252,Kattivakkam,IN,2021-04-15 14:48:47,13.2167,80.3167,82.4,69,40,9.22
253,Aasiaat,GL,2021-04-15 14:48:47,68.7098,-52.8699,7.25,86,100,5.01
254,Yar-Sale,RU,2021-04-15 14:48:48,66.8333,70.8333,13.48,89,100,16.24
255,Sartana,UA,2021-04-15 14:48:48,47.1744,37.6927,48.99,100,23,7.0
256,Inhambane,MZ,2021-04-15 14:48:49,-23.865,35.3833,76.93,63,0,8.57
257,Rimbey,CA,2021-04-15 14:48:49,52.6334,-114.2353,41.0,33,4,8.05
258,Acarau,BR,2021-04-15 14:48:50,-2.8856,-40.12,85.01,68,100,11.63
259,Xinyang,CN,2021-04-15 14:46:02,32.1228,114.0656,60.87,83,44,6.35
260,Irtyshskiy,RU,2021-04-15 14:48:50,58.3333,68.1333,54.43,78,13,7.85
261,Saint George,US,2021-04-15 14:48:25,37.1041,-113.5841,55.0,46,1,5.75
262,Amarwara,IN,2021-04-15 14:48:51,22.3,79.1667,79.65,27,7,6.87
263,Kavieng,PG,2021-04-15 14:48:51,-2.5744,150.7967,81.75,76,80,5.86
264,Rudnyy,KZ,2021-04-15 14:48:52,52.9594,63.1206,57.2,51,0,2.24
265,Saint-Pierre,RE,2021-04-15 14:48:52,-21.3393,55.4781,77.0,88,100,5.75
266,Lamar,US,2021-04-15 14:48:53,33.6668,-95.5836,60.01,88,40,4.61
267,Ancud,CL,2021-04-15 14:48:53,-41.8697,-73.8203,57.99,100,0,2.3
268,Jumla,NP,2021-04-15 14:48:53,29.2747,82.1838,47.93,86,100,5.99
269,Varlamovo,RU,2021-04-15 14:48:54,53.1897,48.4226,64.69,45,54,5.75
270,Superior,US,2021-04-15 14:48:54,46.7208,-92.1041,39.2,70,90,5.75
271,Port Blair,IN,2021-04-15 14:48:55,11.6667,92.75,82.62,74,64,4.65
272,Mayo,US,2021-04-15 14:48:55,38.8876,-76.5119,62.01,72,20,6.91
273,Maneadero,MX,2021-04-15 14:48:56,31.7167,-116.5667,53.01,80,99,5.01
274,Puerto Escondido,MX,2021-04-15 14:47:53,15.85,-97.0667,78.8,61,40,5.48
275,Ust-Omchug,RU,2021-04-15 14:48:57,61.15,149.6333,4.3,98,100,1.43
276,Pimenta Bueno,BR,2021-04-15 14:46:35,-11.6725,-61.1936,83.12,78,88,3.04
277,Sorland,NO,2021-04-15 14:48:58,67.667,12.6934,44.6,81,40,13.8
278,Sola,VU,2021-04-15 14:48:58,-13.8833,167.55,82.67,70,41,13.96
279,Pimentel,PE,2021-04-15 14:48:59,-6.8367,-79.9342,70.0,73,0,9.22
280,Saint Anthony,US,2021-04-15 14:48:59,45.0205,-93.218,42.01,75,90,11.5
281,Bathsheba,BB,2021-04-15 14:49:00,13.2167,-59.5167,84.2,61,40,16.11
282,Caravelas,BR,2021-04-15 14:49:00,-17.7125,-39.2481,81.99,53,96,11.56
283,Port Keats,AU,2021-04-15 14:49:01,-14.25,129.55,78.04,66,100,1.86
284,Hambantota,LK,2021-04-15 14:49:01,6.1241,81.1185,78.8,94,40,5.75
285,Moscow,RU,2021-04-15 14:45:44,55.7522,37.6156,68.0,55,0,15.66
286,Mezhdurechenskiy,RU,2021-04-15 14:49:03,59.6,65.9333,49.77,80,32,11.81
287,Cravo Norte,CO,2021-04-15 14:49:03,6.3017,-70.2041,80.71,67,100,3.67
288,Tubuala,PA,2021-04-15 14:49:03,9.5167,-79.0333,86.0,70,40,3.44
289,Geraldton,AU,2021-04-15 14:49:04,-28.7667,114.6,62.6,63,0,10.36
290,Gizo,SB,2021-04-15 14:49:05,-8.103,156.8419,82.42,75,94,9.8
291,Mezhdurechensk,RU,2021-04-15 14:49:05,53.6942,88.0603,35.55,99,100,2.26
292,Coromandel,BR,2021-04-15 14:49:06,-18.4733,-47.2003,80.58,43,0,7.23
293,Strathpeffer,GB,2021-04-15 14:49:06,57.588,-4.5382,55.0,58,20,9.22
294,Bengkulu,ID,2021-04-15 14:49:07,-3.8004,102.2655,76.48,88,100,4.47
295,Przhevalskoye,RU,2021-04-15 14:49:07,55.5093,31.8482,49.82,84,100,12.39
296,Aykhal,RU,2021-04-15 14:49:08,66.0,111.5,9.32,94,80,7.52
297,Zyryanka,RU,2021-04-15 14:49:08,65.75,150.85,6.06,97,100,2.71
298,Hay River,CA,2021-04-15 14:47:47,60.8156,-115.7999,30.2,69,84,5.75
299,Chapais,CA,2021-04-15 14:47:44,49.7834,-74.8492,51.8,35,1,6.91
300,Ostrovnoy,RU,2021-04-15 14:49:09,68.0531,39.5131,30.63,86,99,7.27
301,Lodja,CD,2021-04-15 14:49:10,-3.4833,23.4333,79.99,67,95,1.68
302,Harwich,GB,2021-04-15 14:49:10,51.9419,1.2844,50.0,51,66,13.0
303,Arteaga,MX,2021-04-15 14:46:06,18.4667,-102.4167,80.1,19,1,1.21
304,Portland,US,2021-04-15 14:48:08,45.5234,-122.6762,48.99,71,20,3.44
305,North Bend,US,2021-04-15 14:49:11,43.4065,-124.2243,43.0,79,0,4.0
306,Rio Brilhante,BR,2021-04-15 14:49:12,-21.8019,-54.5464,89.33,31,5,7.83
307,Avera,US,2021-04-15 14:49:12,33.194,-82.5271,70.0,77,90,8.05
308,Palmer,US,2021-04-15 14:49:06,42.1584,-72.3287,50.0,81,90,6.91
309,Tessalit,ML,2021-04-15 14:49:13,20.1986,1.0114,104.52,4,3,15.66
310,Galveston,US,2021-04-15 14:48:48,29.3669,-94.9669,66.2,88,90,23.02
311,Marsh Harbour,BS,2021-04-15 14:49:14,26.5412,-77.0636,72.28,61,0,8.16
312,Alice Springs,AU,2021-04-15 14:49:14,-23.7,133.8833,63.0,51,27,6.91
313,Kavaratti,IN,2021-04-15 14:49:15,10.5669,72.642,84.92,69,22,6.42
314,Sirjan,IR,2021-04-15 14:49:16,29.452,55.6814,70.99,18,1,11.21
315,Nizhnyaya Tura,RU,2021-04-15 14:49:16,58.6293,59.8118,52.52,83,88,5.23
316,Talara,PE,2021-04-15 14:49:17,-4.5772,-81.2719,75.2,64,20,21.85
317,Agadir,MA,2021-04-15 14:49:17,30.4202,-9.5982,75.2,53,20,27.63
318,Tongling,CN,2021-04-15 14:49:18,30.95,117.7833,62.58,75,64,2.19
319,Basco,PH,2021-04-15 14:49:18,20.4487,121.9702,78.66,77,29,9.17
320,Marawi,PH,2021-04-15 14:49:19,7.9986,124.2928,78.01,88,78,4.0
321,Tignoan,PH,2021-04-15 14:49:20,14.5647,121.6197,82.0,50,78,8.34
322,Coquimbo,CL,2021-04-15 14:49:20,-29.9533,-71.3436,59.0,88,90,4.61
323,Araouane,ML,2021-04-15 14:49:21,18.9048,-3.5265,104.2,6,1,4.99
324,Hurghada,EG,2021-04-15 14:49:21,27.2574,33.8129,86.0,25,0,10.36
325,Teknaf,BD,2021-04-15 14:49:21,20.8624,92.3058,80.02,85,96,1.72
326,Kautokeino,NO,2021-04-15 14:49:22,69.0125,23.0412,36.55,75,100,20.98
327,Toufen,TW,2021-04-15 14:49:22,24.6865,120.9127,66.0,88,66,4.0
328,Anadyr,RU,2021-04-15 14:49:23,64.75,177.4833,12.2,73,0,13.42
329,Nome,US,2021-04-15 14:49:23,64.5011,-165.4064,17.6,86,1,6.91
330,Verkh-Usugli,RU,2021-04-15 14:49:24,52.7,115.1667,27.73,52,96,4.03
331,Bandarbeyla,SO,2021-04-15 14:49:24,9.4942,50.8122,81.88,70,12,12.08
332,Omboue,GA,2021-04-15 14:49:25,-1.5746,9.2618,84.9,71,100,8.95
333,Tuensang,IN,2021-04-15 14:49:25,26.2833,94.8333,68.04,57,88,2.04
334,Kruisfontein,ZA,2021-04-15 14:47:05,-34.0033,24.7314,66.0,86,100,8.01
335,Kansanshi,ZM,2021-04-15 14:49:26,-12.0951,26.4273,69.37,74,100,4.68
336,Springbok,ZA,2021-04-15 14:49:26,-29.6643,17.8865,88.5,13,16,1.07
337,Baijiantan,CN,2021-04-15 14:49:27,45.6333,85.1833,60.66,18,13,7.45
338,Porto Novo,BJ,2021-04-15 14:49:27,6.4965,2.6036,91.4,55,20,12.66
339,Hovd,MN,2021-04-15 14:49:27,48.0056,91.6419,42.21,33,2,3.2
340,Jish,IL,2021-04-15 14:49:28,33.0222,35.4469,84.2,23,0,10.36
341,Comodoro Rivadavia,AR,2021-04-15 14:45:01,-45.8667,-67.5,59.0,41,0,18.41
342,Ostersund,SE,2021-04-15 14:49:29,63.1792,14.6357,44.01,65,75,9.22
343,Henties Bay,NA,2021-04-15 14:49:29,-22.116,14.2845,84.27,38,7,14.67
344,Nizwa,OM,2021-04-15 14:49:06,22.9333,57.5333,89.51,14,26,9.51
345,Sitka,US,2021-04-15 14:49:30,57.0531,-135.33,39.2,93,90,3.98
346,Lexington,US,2021-04-15 14:45:08,37.9887,-84.4777,46.0,61,1,12.66
347,Lagoa,PT,2021-04-15 14:49:30,39.05,-27.9833,62.13,82,88,5.97
348,Svobodnyy,RU,2021-04-15 14:49:31,51.4,128.1333,34.5,44,100,3.76
349,Misratah,LY,2021-04-15 14:49:31,32.3754,15.0925,65.48,63,93,17.38
350,Gawler,AU,2021-04-15 14:49:32,-34.6,138.7333,55.0,88,10,1.01
351,Monterey,US,2021-04-15 14:49:32,36.2505,-121.2516,50.0,81,90,5.75
352,Trairi,BR,2021-04-15 14:49:33,-3.2778,-39.2689,84.61,69,96,10.51
353,Siniscola,IT,2021-04-15 14:49:33,40.5719,9.6922,62.6,51,40,10.36
354,Le Port,RE,2021-04-15 14:49:33,-20.9373,55.2919,78.8,73,90,11.5
355,Sao Mateus,BR,2021-04-15 14:49:34,-18.7161,-39.8589,80.55,53,78,10.89
356,Khorixas,NA,2021-04-15 14:49:34,-20.3667,14.9667,88.74,17,59,12.08
357,Hirara,JP,2021-04-15 14:49:35,24.8,125.2833,73.62,82,52,18.07
358,Jacarau,BR,2021-04-15 14:49:35,-6.6122,-35.2928,84.99,61,98,10.89
359,Tilichiki,RU,2021-04-15 14:49:36,60.4667,166.1,24.8,95,100,6.08
360,Necochea,AR,2021-04-15 14:47:03,-38.5473,-58.7368,75.99,61,0,4.0
361,Antofagasta,CL,2021-04-15 14:49:36,-23.65,-70.4,72.0,68,90,2.3
362,Sabinas Hidalgo,MX,2021-04-15 14:49:37,26.5,-100.1667,78.12,79,93,4.12
363,San Cristobal,VE,2021-04-15 14:49:37,7.7669,-72.225,78.8,83,40,6.91
364,Sakakah,SA,2021-04-15 14:49:37,29.9697,40.2064,87.8,8,0,4.61
365,Ust-Ilimsk,RU,2021-04-15 14:49:38,58.0006,102.6619,28.51,82,100,9.01
366,Candoni,PH,2021-04-15 14:49:38,9.817,122.6043,77.32,84,99,4.18
367,Wajima,JP,2021-04-15 14:49:39,37.4,136.9,48.97,59,100,12.21
368,Poum,NC,2021-04-15 14:49:39,-20.2333,164.0167,79.09,83,32,10.42
369,Champerico,GT,2021-04-15 14:49:40,14.3,-91.9167,80.6,78,75,9.06
370,Shamary,RU,2021-04-15 14:49:40,57.3434,58.2199,53.89,73,5,7.0
371,Panguna,PG,2021-04-15 14:49:41,-6.3164,155.4848,69.39,95,98,1.5
372,Belmonte,BR,2021-04-15 14:49:41,-15.8631,-38.8828,78.8,73,40,9.22
373,Nanao,JP,2021-04-15 14:49:42,37.05,136.9667,46.99,40,100,1.01
374,Nsanje,MW,2021-04-15 14:49:42,-16.92,35.262,84.27,40,93,4.34
375,Tura,IN,2021-04-15 14:49:43,25.5198,90.2201,81.32,28,100,3.29
376,Natal,BR,2021-04-15 14:49:43,-5.795,-35.2094,87.8,66,75,13.8
377,Dawlatabad,AF,2021-04-15 14:49:44,36.4141,64.9053,69.26,22,3,7.43
378,De-Kastri,RU,2021-04-15 14:49:44,51.4667,140.7833,18.68,88,19,5.26
379,San Martin,AR,2021-04-15 14:49:45,-33.081,-68.4681,68.0,52,0,4.61
380,Bedele,ET,2021-04-15 14:49:45,8.456,36.353,75.94,34,77,1.77
381,Manta,EC,2021-04-15 14:48:35,-0.95,-80.7333,80.6,74,75,2.3
382,Otjiwarongo,NA,2021-04-15 14:49:46,-20.4637,16.6477,77.9,24,4,13.42
383,Ionia,US,2021-04-15 14:49:47,42.9873,-85.0711,39.99,87,90,9.22
384,Zhezkazgan,KZ,2021-04-15 14:49:48,47.8043,67.7144,60.06,31,0,15.46
385,Napasar,IN,2021-04-15 14:49:48,27.9667,73.55,88.81,16,2,10.2
386,Touho,NC,2021-04-15 14:49:49,-20.7833,165.2333,77.22,84,89,4.59
387,Rio Negrinho,BR,2021-04-15 14:49:49,-26.2544,-49.5183,60.01,85,27,4.0
388,Kropotkin,RU,2021-04-15 14:49:50,45.4375,40.5756,57.65,72,90,9.13
389,Otane,NZ,2021-04-15 14:49:50,-39.8833,176.6333,61.0,72,0,3.0
390,Montrose,US,2021-04-15 14:49:51,38.4166,-108.2673,48.99,31,1,16.71
391,Pisco,PE,2021-04-15 14:49:51,-13.7,-76.2167,68.0,83,75,2.3
392,Niteroi,BR,2021-04-15 14:49:52,-22.8833,-43.1036,82.99,65,40,5.75
393,Ust-Kuyga,RU,2021-04-15 14:49:52,70.0167,135.6,-11.02,98,56,1.77
394,Mount Gambier,AU,2021-04-15 14:49:53,-37.8333,140.7667,48.2,81,40,6.91
395,Matara,LK,2021-04-15 14:49:53,5.9485,80.5353,80.22,79,53,5.61
396,Xiaoweizhai,CN,2021-04-15 14:49:54,26.1903,107.5125,56.97,98,100,2.82
397,Kanigoro,ID,2021-04-15 14:49:54,-8.13,112.219,72.93,94,76,2.3
398,Cockburn Town,TC,2021-04-15 14:49:55,21.4612,-71.1419,74.52,60,100,8.52
399,Souillac,MU,2021-04-15 14:49:55,-20.5167,57.5167,78.8,89,75,3.44
400,Nargana,PA,2021-04-15 14:49:56,9.4428,-78.5906,82.13,80,100,9.53
401,Lubumbashi,CD,2021-04-15 14:49:56,-11.6609,27.4794,70.61,78,100,3.38
402,Arman,RU,2021-04-15 14:49:57,59.7,150.1667,18.95,95,100,5.41
403,Adrar,MR,2021-04-15 14:49:57,20.5022,-10.0711,94.01,12,5,10.18
404,Kakonko,TZ,2021-04-15 14:49:58,-3.2828,30.9642,72.03,87,88,2.71
405,Bosaso,SO,2021-04-15 14:49:59,11.2842,49.1816,84.2,70,0,17.27
406,Lazaro Cardenas,MX,2021-04-15 14:49:59,17.9583,-102.2,79.97,47,1,2.57
407,Karratha,AU,2021-04-15 14:50:00,-20.7377,116.8463,83.62,45,0,13.47
408,Xai-Xai,MZ,2021-04-15 14:50:00,-25.0519,33.6442,77.31,64,0,7.65
409,Osmena,PH,2021-04-15 14:50:01,10.5208,119.9258,80.73,77,100,3.56
410,Los Llanos De Aridane,ES,2021-04-15 14:50:01,28.6585,-17.9182,71.6,73,75,25.32
411,Haapiti,PF,2021-04-15 14:50:02,-17.5667,-149.8667,75.2,83,20,4.61
412,Strelka,RU,2021-04-15 14:50:02,58.0728,93.0344,36.3,97,100,12.15
413,Honningsvag,NO,2021-04-15 14:50:03,70.9821,25.9704,32.0,86,75,9.22
414,Pevek,RU,2021-04-15 14:50:03,69.7008,170.3133,16.39,66,100,20.78
415,Eyl,SO,2021-04-15 14:50:04,7.9803,49.8164,81.88,72,23,13.44
416,Batemans Bay,AU,2021-04-15 14:50:04,-35.7167,150.1833,55.99,92,99,1.99
417,Huarmey,PE,2021-04-15 14:50:05,-10.0681,-78.1522,71.08,75,98,7.81
418,Horsham,GB,2021-04-15 14:50:06,51.064,-0.3272,48.2,57,40,13.8
419,Manadhoo,MV,2021-04-15 14:50:07,5.7667,73.3833,84.4,72,34,9.44
420,Altay,CN,2021-04-15 14:50:07,47.8667,88.1167,44.98,42,0,5.93
421,Port-Gentil,GA,2021-04-15 14:50:08,-0.7193,8.7815,89.6,70,40,9.22
422,Auki,SB,2021-04-15 14:50:08,-8.7676,160.7034,76.82,88,49,2.71
423,Bougouni,ML,2021-04-15 14:50:09,11.417,-7.479,105.91,14,48,5.19
424,Trang,TH,2021-04-15 14:50:09,7.5,99.5,77.83,88,98,0.81
425,Mildura,AU,2021-04-15 14:50:10,-34.2,142.15,59.0,63,56,8.05
426,Scarborough,GB,2021-04-15 14:50:10,54.2797,-0.4044,51.01,67,4,1.01
427,Nisia Floresta,BR,2021-04-15 14:47:04,-6.0911,-35.2086,87.8,66,75,13.8
428,Matagami,CA,2021-04-15 14:50:11,49.7502,-77.6328,33.8,100,90,8.05
429,Ca Mau,VN,2021-04-15 14:50:12,9.1769,105.15,81.09,79,28,4.79
430,Ambikapur,IN,2021-04-15 14:50:12,23.1167,83.2,80.82,21,94,6.64
431,Cervo,ES,2021-04-15 14:50:13,43.6702,-7.4101,55.99,66,7,7.0
432,Verkhoyansk,RU,2021-04-15 14:50:13,67.5447,133.385,-5.44,100,23,2.37
433,Saravan,AM,2021-04-15 14:50:14,39.7196,45.6483,68.0,24,40,2.3
434,Yeppoon,AU,2021-04-15 14:50:14,-23.1333,150.7333,68.0,88,9,6.91
435,Sri Aman,MY,2021-04-15 14:50:15,1.2376,111.4621,77.0,94,52,0.34
436,Gushikawa,JP,2021-04-15 14:50:15,26.3544,127.8686,66.2,77,90,8.05
437,Hofn,IS,2021-04-15 14:50:16,64.2539,-15.2082,44.6,93,90,9.22
438,Mezen,RU,2021-04-15 14:50:16,65.8522,44.24,34.29,65,66,7.76
439,Guaruja,BR,2021-04-15 14:50:17,-23.9931,-46.2564,80.6,57,20,8.05
440,Hetauda,NP,2021-04-15 14:50:18,27.4284,85.0322,69.8,56,75,4.61
441,Vuktyl,RU,2021-04-15 14:50:18,63.8567,57.3094,34.32,65,100,11.9
442,Tautira,PF,2021-04-15 14:50:19,-17.7333,-149.15,75.2,83,20,4.61
443,Tete,MZ,2021-04-15 14:50:20,-16.1564,33.5867,87.8,37,40,5.75
444,Port Hardy,CA,2021-04-15 14:50:00,50.6996,-127.4199,42.8,93,20,5.75
445,Kitwe,ZM,2021-04-15 14:50:20,-12.7961,28.2477,72.3,62,100,4.92
446,Danielskuil,ZA,2021-04-15 14:50:21,-28.1887,23.5395,80.85,17,41,11.54
447,Freeport,US,2021-04-15 14:46:23,40.6576,-73.5832,52.0,87,90,9.22
448,Hualmay,PE,2021-04-15 14:50:22,-11.0964,-77.6139,70.72,73,93,7.76
449,Yessentuki,RU,2021-04-15 14:50:23,44.0444,42.8606,66.2,30,100,6.71
450,Biak,ID,2021-04-15 14:50:23,-0.9131,122.8766,74.17,87,100,4.47
451,Nokha,IN,2021-04-15 14:50:24,27.6,73.4167,86.83,18,28,8.88
452,Kenora,CA,2021-04-15 14:50:24,49.8167,-94.4337,32.0,80,75,5.75
453,Kutum,SD,2021-04-15 14:50:25,14.2,24.6667,87.4,5,54,14.81
454,Saint-Joseph,RE,2021-04-15 14:50:25,-21.3667,55.6167,77.0,88,100,5.75
455,Buala,SB,2021-04-15 14:50:26,-8.145,159.5921,79.79,80,15,1.48
456,Ducheng,CN,2021-04-15 14:50:26,23.2373,111.5317,73.67,94,95,3.15
457,Esperance,AU,2021-04-15 14:50:27,-33.8667,121.9,53.6,87,10,5.06
458,Isla Mujeres,MX,2021-04-15 14:50:27,21.2311,-86.731,84.2,65,40,12.66
459,Aksu,CN,2021-04-15 14:50:28,41.1231,80.2644,65.35,24,77,5.53
460,Gaomi,CN,2021-04-15 14:50:28,36.3833,119.7528,53.6,82,0,17.9
461,Arlit,NE,2021-04-15 14:50:29,18.7369,7.3853,105.06,4,1,5.95
462,Salalah,OM,2021-04-15 14:50:29,17.0151,54.0924,84.2,70,0,9.22
463,Alta,NO,2021-04-15 14:50:30,69.9689,23.2717,41.0,70,75,12.66
464,Malinovoye Ozero,RU,2021-04-15 14:50:30,51.6753,79.7825,55.27,63,62,3.78
465,Miram Shah,PK,2021-04-15 14:50:31,33.0086,70.0697,61.5,88,94,4.79
466,Rognan,NO,2021-04-15 14:50:31,67.0953,15.3878,43.0,89,99,4.54
467,Kapuskasing,CA,2021-04-15 14:50:32,49.4169,-82.4331,30.2,93,90,13.8
468,Nanakuli,US,2021-04-15 14:50:33,21.3906,-158.1547,68.0,77,1,3.44
469,Ucluelet,CA,2021-04-15 14:50:33,48.9329,-125.5528,37.4,93,1,3.44
470,Micheldorf,AT,2021-04-15 14:50:34,46.9222,14.4405,50.0,32,40,5.75
471,Kudahuvadhoo,MV,2021-04-15 14:50:34,2.6708,72.8944,83.17,65,17,7.05
472,Yerbogachen,RU,2021-04-15 14:50:35,61.2767,108.0108,25.07,80,100,9.64
473,Fuling,CN,2021-04-15 14:50:35,29.7022,107.3919,61.54,89,99,2.28
474,Lerwick,GB,2021-04-15 14:50:36,60.1545,-1.1494,48.2,61,0,9.22
475,Mikhaylovka,RU,2021-04-15 14:50:36,50.06,43.2379,64.0,54,88,5.01
476,Coihaique,CL,2021-04-15 14:48:08,-45.5752,-72.0662,51.8,66,75,4.61
477,Montague,US,2021-04-15 14:50:37,42.5356,-72.5351,48.99,83,100,4.72
478,Taft,IR,2021-04-15 14:50:37,31.7471,54.2088,80.6,16,20,4.61
479,Sisimiut,GL,2021-04-15 14:50:38,66.9395,-53.6735,9.63,75,75,18.92
480,Shepetivka,UA,2021-04-15 14:50:38,50.1855,27.0637,42.26,86,100,10.58
481,Thinadhoo,MV,2021-04-15 14:50:39,0.5333,72.9333,83.39,67,79,6.76
482,Chenzhou,CN,2021-04-15 14:50:39,25.8,113.0333,62.11,98,100,2.53
483,Boa Vista,BR,2021-04-15 14:50:39,2.8197,-60.6733,78.8,89,75,3.44
484,Ishikawa,JP,2021-04-15 14:50:40,26.4233,127.8214,66.2,77,90,8.05
485,Sarankhola,BD,2021-04-15 14:50:41,22.3082,89.7897,81.59,76,100,7.09
486,Asfi,MA,2021-04-15 14:50:41,32.2994,-9.2372,65.48,77,0,12.82
487,Roald,NO,2021-04-15 14:50:41,62.5833,6.1333,48.2,61,20,5.75
488,Great Falls,US,2021-04-15 14:49:45,47.5002,-111.3008,32.0,100,90,6.91
489,Malanje,AO,2021-04-15 14:50:42,-9.5402,16.341,84.2,79,75,5.75
490,Xuddur,SO,2021-04-15 14:50:43,4.1213,43.8894,90.18,30,84,4.18
491,Dingle,PH,2021-04-15 14:50:44,10.9995,122.6711,77.52,87,100,5.3
492,Bako,ET,2021-04-15 14:50:44,5.7833,36.5667,69.06,77,97,2.53
493,Lima,PE,2021-04-15 14:46:24,-12.0432,-77.0282,72.0,77,40,6.91
494,Praia Da Vitoria,PT,2021-04-15 14:50:45,38.7333,-27.0667,69.8,64,40,7.85
495,General Pico,AR,2021-04-15 14:50:46,-35.6566,-63.7568,73.15,55,0,2.17
496,Panzhihua,CN,2021-04-15 14:50:46,26.5851,101.7128,64.99,44,73,2.48
497,Victoria,HK,2021-04-15 14:50:02,22.2855,114.1577,73.99,91,99,1.01
498,Juneau,US,2021-04-15 14:50:47,58.3019,-134.4197,37.4,93,90,3.06
499,Obihiro,JP,2021-04-15 14:50:48,42.9172,143.2044,34.61,67,0,3.44
500,Semenivka,UA,2021-04-15 14:50:48,52.1783,32.5818,54.27,69,98,5.93
501,Panaba,MX,2021-04-15 14:50:48,21.2833,-88.2667,86.88,46,35,11.43
502,Lalganj,IN,2021-04-15 14:50:49,25.8667,85.1833,86.0,21,40,3.44
503,Bubaque,GW,2021-04-15 14:50:49,11.2833,-15.8333,77.4,75,49,9.75
504,Cabedelo,BR,2021-04-15 14:48:25,-6.9811,-34.8339,75.2,94,75,6.91
505,Meadow Lake,US,2021-04-15 14:50:50,34.8014,-106.5436,54.0,57,75,16.11
506,Sabang,ID,2021-04-15 14:50:50,5.8933,95.3214,84.24,67,64,5.32
507,Kenai,US,2021-04-15 14:50:51,60.5544,-151.2583,33.01,93,75,5.75
508,Halifax,CA,2021-04-15 14:48:05,44.6453,-63.5724,50.0,43,20,8.05
509,Port Macquarie,AU,2021-04-15 14:46:53,-31.4333,152.9167,60.01,88,7,3.0
510,Noumea,NC,2021-04-15 14:46:40,-22.2763,166.4572,77.0,94,75,10.36
511,Goma,CD,2021-04-15 14:50:53,-1.6792,29.2228,66.2,77,75,6.91
512,Dunedin,NZ,2021-04-15 14:50:53,-45.8742,170.5036,54.0,95,100,4.0
513,Phon,TH,2021-04-15 14:50:54,15.816,102.5998,88.0,99,78,2.51
514,Waingapu,ID,2021-04-15 14:50:54,-9.6567,120.2641,76.91,81,65,4.76
515,Athabasca,CA,2021-04-15 14:50:55,54.7169,-113.2854,33.8,80,0,5.46
516,Mecca,SA,2021-04-15 14:48:43,21.4267,39.8261,87.31,38,92,10.07
517,Shakhovskaya,RU,2021-04-15 14:50:56,56.0283,35.5097,54.86,75,100,18.28
518,Saint-Paul,RE,2021-04-15 14:50:56,-21.0096,55.2707,78.8,73,90,11.5
519,Mocuba,MZ,2021-04-15 14:50:57,-16.8392,36.9856,76.42,69,100,3.22
520,Ust-Maya,RU,2021-04-15 14:50:57,60.4167,134.5333,7.23,96,77,1.9
521,Jati,PK,2021-04-15 14:50:58,24.3539,68.2671,84.15,53,0,15.43
522,Ken Caryl,US,2021-04-15 14:50:58,39.5773,-105.1169,39.0,62,89,1.01
523,Tateyama,JP,2021-04-15 14:50:59,34.9833,139.8667,48.0,73,96,3.0
524,Ushtobe,KZ,2021-04-15 14:50:59,45.2514,77.9838,59.85,21,0,18.63
525,Mongoumba,CF,2021-04-15 14:51:00,3.6415,18.5936,92.53,38,47,3.38
526,Irapuato,MX,2021-04-15 14:46:05,20.6833,-101.35,64.4,42,1,5.75
527,Teeli,RU,2021-04-15 14:51:00,51.0333,90.2333,44.31,46,38,4.27
528,Taoudenni,ML,2021-04-15 14:51:01,22.6783,-3.9836,98.69,8,0,14.58
529,Calvinia,ZA,2021-04-15 14:51:01,-31.4707,19.776,86.23,15,93,13.69
530,Havelock,US,2021-04-15 14:51:02,34.8791,-76.9013,73.99,73,40,10.36
531,Riyadh,SA,2021-04-15 14:49:08,24.6877,46.7219,86.0,13,0,11.5
532,Ibra,OM,2021-04-15 14:51:03,22.6906,58.5334,91.83,12,7,12.73
533,Mwene-Ditu,CD,2021-04-15 14:51:03,-7.0,23.45,76.53,75,44,2.95
534,Zig,US,2021-04-15 14:51:03,40.127,-92.7663,44.01,75,1,10.36
535,Linhai,CN,2021-04-15 14:51:04,28.85,121.1167,57.99,78,58,0.98
536,Phan Thiet,VN,2021-04-15 14:51:04,10.9333,108.1,79.5,79,12,4.0
537,Manado,ID,2021-04-15 14:51:05,1.487,124.8455,77.0,94,40,6.91
538,Acajutla,SV,2021-04-15 14:51:05,13.5928,-89.8275,78.01,73,0,2.3
539,Kundiawa,PG,2021-04-15 14:51:06,-6.0167,144.9667,61.32,98,81,0.69
